Monah,mwhitehurst0@ezinearticles.com
Bax,bbeau1@sogou.com
Darren,dguillon2@fema.gov
Cherey,cmagwood3@ihg.com
Godfree,gglassup4@whitehouse.gov
Phyllida,pbarnewell5@mapy.cz
Margi,mcunnah6@census.gov
Shirleen,sbadman7@altervista.org
Lulu,ltyers8@lulu.com
Ingeborg,ituxell9@mit.edu
Barbie,bblemingsa@diigo.com
Dale,dcarruthersb@devhub.com
Lucian,lreyec@over-blog.com
De witt,dharveyd@answers.com
Frieda,fpybuse@gmpg.org
Ester,ecahanf@apple.com
Gennie,gpashleyg@mashable.com
Berty,btemlh@ucoz.ru
Stephanie,sbrandti@craigslist.org
Devonne,dgoudaj@twitter.com
Mattias,mtoselandk@mediafire.com
Griswold,gchstneyl@yelp.com
Boy,bclareym@sbwire.com
Teador,tstanlaken@hexun.com
Swen,sbusseyo@yellowbook.com
Bing,bwivellp@walmart.com
Murray,mbeauq@gnu.org
Sheeree,spawnsfordr@bandcamp.com
Carroll,chiggans@cisco.com
Rosalie,rfaintt@bluehost.com
Bruce,bmillichipu@google.co.jp
Ronny,rjanksv@imgur.com
Rhett,ronolandw@gnu.org
Judd,jbendx@reference.com
Twyla,thoverty@oracle.com
Brier,bweatherburnz@about.me
Aidan,atewkesberrie10@adobe.com
Meris,mrutgers11@washingtonpost.com
Jessy,jcoll12@so-net.ne.jp
Nixie,nattwill13@shinystat.com
Bekki,bpasby14@bloglovin.com
Stafford,smulloch15@chron.com
Lilian,lbendan16@unesco.org
Glynis,gierland17@chicagotribune.com
Beverlie,bdavid18@google.nl
Wilhelmine,wgritsaev19@phpbb.com
Erinn,epickthall1a@vinaora.com
Donni,dpiken1b@drupal.org
Kira,kflay1c@wufoo.com
Leroy,ljedrychowski1d@pcworld.com
Kliment,ktassell1e@msu.edu
Vasilis,veversley1f@51.la
Jill,jjarad1g@friendfeed.com
Eleanor,eleaburn1h@pcworld.com
Theodora,trowet1i@ask.com
Chase,cstanes1j@pagesperso-orange.fr
Antons,aballeine1k@jalbum.net
Domenic,dlurcock1l@wikipedia.org
Laney,ldunsford1m@list-manage.com
Marty,mcraik1n@ftc.gov
Cathee,cgilfoyle1o@opensource.org
Evie,ejadczak1p@tiny.cc
Florette,fsiveter1q@fda.gov
Crichton,cbursell1r@about.com
Mattheus,mtrowle1s@rambler.ru
Sherrie,salesio1t@chicagotribune.com
Dannie,dveillard1u@friendfeed.com
Eolanda,ecornils1v@reddit.com
Timothy,ttomczykiewicz1w@drupal.org
Carmelina,clapsley1x@taobao.com
Bernetta,bwootton1y@rakuten.co.jp
Caty,cbadrick1z@printfriendly.com
Barnebas,bwoonton20@google.com.hk
Jessa,jstanwix21@prnewswire.com
Ferrell,flangmaid22@independent.co.uk
Ashil,aedgeler23@tinypic.com
Garrick,gweond24@noaa.gov
Keir,kollivier25@wisc.edu
Antons,ahartrick26@photobucket.com
Reginauld,rrushmer27@youtube.com
Christabel,cfarress28@prnewswire.com
Siusan,sperle29@examiner.com
Rhona,rhallawell2a@ezinearticles.com
Wilow,wellul2b@bandcamp.com
Berthe,bcastagnaro2c@mtv.com
Kennie,kcollier2d@yahoo.co.jp
Whittaker,wvel2e@rediff.com
Erik,eannice2f@multiply.com
Tyler,tvineall2g@yandex.ru
Martha,msapauton2h@army.mil
Adriaens,asherwen2i@chronoengine.com
Patricio,pelward2j@github.io
Baily,bhedylstone2k@baidu.com
Camille,cfaraker2l@whitehouse.gov
Hendrik,hholdren2m@rakuten.co.jp
Katherina,ksangra2n@sciencedaily.com
Pier,prodinger2o@bloomberg.com
Gwen,gthreadgill2p@fotki.com
Elicia,estaves2q@accuweather.com
Annabella,aplacstone2r@dell.com
Andeee,abrockton2s@networksolutions.com
Massimo,mgowdy2t@freewebs.com
Cati,cstather2u@weebly.com
Ronna,rheinschke2v@1688.com
Remus,rcamings2w@usatoday.com
Marley,mbartolic2x@marriott.com
Brigid,bsimkin2y@yandex.ru
Krisha,kcay2z@reference.com
Liz,lflewett30@constantcontact.com
Winnah,wmartinho31@oakley.com
Norby,npitcaithley32@acquirethisname.com
Ardis,amaberley33@columbia.edu
Filippa,fhedaux34@nba.com
Blondelle,bbiaggelli35@huffingtonpost.com
Cosmo,ckabsch36@squidoo.com
Renie,rpeel37@wp.com
Carmita,ckighly38@virginia.edu
Robbin,rjenkins39@psu.edu
Latashia,llydon3a@nih.gov
Anjela,agobeaux3b@youtube.com
Joella,jashpital3c@google.co.jp
Jamil,jparcell3d@aboutads.info
Brigham,bdurman3e@salon.com
Blair,bhuelin3f@redcross.org
Lamar,lmechem3g@si.edu
Arnaldo,aalten3h@google.cn
Miguela,msmedmore3i@yahoo.co.jp
Davide,dlacaze3j@ask.com
Elliot,eskea3k@github.io
Gamaliel,gjamot3l@goodreads.com
Mikey,mmalham3m@pbs.org
Kaja,kmaccrackan3n@skype.com
Jessie,jphelan3o@blogtalkradio.com
Brien,bplayfoot3p@auda.org.au
Robinet,rgiamitti3q@scribd.com
Melamie,mnoddles3r@flavors.me
Anissa,achatfield3s@army.mil
Carmen,cagastina3t@state.gov
Mada,mkellock3u@mozilla.com
Tiffani,tscolli3v@bloomberg.com
Arleta,abolingbroke3w@skyrock.com
Grace,ghoys3x@un.org
Natividad,nblomefield3y@parallels.com
Abbott,auphill3z@dropbox.com
Josepha,jhabin40@lycos.com
Early,eedmund41@skyrock.com
Cal,credford42@squarespace.com
Darrin,dwordsley43@mediafire.com
Celinka,cparadyce44@issuu.com
Mayor,mdowner45@mashable.com
Sarette,stieraney46@mtv.com
Esmaria,esmeath47@comcast.net
Joshia,jsrutton48@github.com
Tait,tgoffe49@theguardian.com
Sherri,styce4a@sphinn.com
Chanda,chollow4b@stanford.edu
Berni,bcaret4c@ycombinator.com
Liv,lcortnay4d@wp.com
Corinne,cgately4e@boston.com
Emery,emackim4f@senate.gov
Ode,osoloway4g@networksolutions.com
Rem,rbhar4h@jugem.jp
Myrna,msturdgess4i@dropbox.com
Alyson,aconfort4j@ovh.net
Cristie,crocco4k@themeforest.net
Giulia,gforsythe4l@fastcompany.com
Amanda,asirr4m@networkadvertising.org
Karoly,kmeah4n@hatena.ne.jp
Silvester,sscutt4o@pcworld.com
Anastasia,adiboldi4p@hud.gov
Lani,larminger4q@fc2.com
Jackie,jloader4r@wisc.edu
Alvy,apettipher4s@hc360.com
Alvie,atewkesberry4t@engadget.com
Anallise,aeschalotte4u@icq.com
Angie,amccoll4v@sogou.com
Avictor,abuttler4w@plala.or.jp
Shari,swells4x@friendfeed.com
Kati,keaglestone4y@surveymonkey.com
Everett,eflamank4z@soundcloud.com
Gunner,gstaddon50@hhs.gov
Ozzy,osimonutti51@discovery.com
Filide,fweatherhead52@example.com
Cassy,cheaney53@jiathis.com
Timmi,tbruni54@google.fr
Felizio,fbrimilcome55@nasa.gov
Linnell,lwillgrass56@nih.gov
Jaynell,jdunlap57@ted.com
Esther,ecracknell58@is.gd
Lindon,lpiquard59@aboutads.info
Stanislas,sgillean5a@4shared.com
Ole,oclemoes5b@jiathis.com
Jessa,jklimke5c@cloudflare.com
Beverlee,bsparrowe5d@ask.com
Izzy,ilivett5e@kickstarter.com
Julietta,jramsted5f@live.com
Gregory,gmelesk5g@free.fr
Koenraad,kfishley5h@dedecms.com
Karl,kwebbbowen5i@wired.com
Bearnard,bbeldum5j@creativecommons.org
Aldric,abrittan5k@un.org
Byran,bblayd5l@unicef.org
Dwight,dbrelsford5m@hibu.com
Brooks,bdoerrling5n@ycombinator.com
Sena,solsson5o@creativecommons.org
Jacky,jcolvin5p@purevolume.com
Sansone,skunneke5q@skype.com
Kimmie,kvalasek5r@github.com
Katlin,kpersse5s@wsj.com
Lucie,lkinnar5t@senate.gov
Giffer,ggallahar5u@jugem.jp
Lelia,lisley5v@friendfeed.com
Izaak,ipirrone5w@123-reg.co.uk
Noell,nvitte5x@google.de
Shirlee,stroy5y@hc360.com
Norby,npittaway5z@topsy.com
Malinda,mgreedier60@pbs.org
Yasmin,yquainton61@amazonaws.com
Cosetta,ckeal62@goo.gl
Asia,arobens63@friendfeed.com
Regine,rshevell64@house.gov
Shell,skendal65@bing.com
Dusty,dswainson66@dailymotion.com
Wilfrid,wshutle67@state.tx.us
Emmet,emcquorkel68@alibaba.com
Gisela,gshaddock69@squidoo.com
Cary,chadrill6a@biblegateway.com
Les,loven6b@barnesandnoble.com
Emlynn,edeighton6c@senate.gov
Raimund,rboarleyson6d@wunderground.com
Cy,cpleming6e@artisteer.com
Pancho,pridpath6f@europa.eu
Jackqueline,jpaler6g@google.cn
Scot,sbarehead6h@livejournal.com
Phillipe,pseifert6i@google.com
Bryna,bdrake6j@businessweek.com
Gabriela,ggrunwald6k@diigo.com
Mattie,meede6l@yahoo.co.jp
Tasha,thardway6m@dyndns.org
Lorelei,lstallibrass6n@odnoklassniki.ru
Rasia,rcraighall6o@blogtalkradio.com
Tarah,tnewhouse6p@stanford.edu
Donielle,dlernihan6q@chronoengine.com
Sharl,stydd6r@gnu.org
Peggi,pneeves6s@comsenz.com
Dewie,dlescop6t@clickbank.net
Mitchel,manslow6u@nationalgeographic.com
Aubrie,afanner6v@netvibes.com
Marv,mcovino6w@bloomberg.com
Amalea,acasey6x@technorati.com
Heriberto,hbourdon6y@marriott.com
Roberta,rstronghill6z@clickbank.net
Doloritas,dsinncock70@devhub.com
Rosemaria,rpauncefoot71@bizjournals.com
Morie,mterrington72@scientificamerican.com
Delinda,dbignell73@a8.net
Leia,lreburn74@cbsnews.com
Philomena,phayball75@edublogs.org
Tressa,tcrone76@soundcloud.com
Sonny,smetzke77@desdev.cn
Yorgos,ymorrilly78@fastcompany.com
Jessalin,jmisken79@mayoclinic.com
Katrina,kmckerrow7a@delicious.com
Kendricks,kmerigon7b@ocn.ne.jp
Bethanne,bdegliantoni7c@csmonitor.com
Fanchette,fkuhnke7d@qq.com
Dawn,dhalburton7e@google.com.au
Christal,cwealleans7f@g.co
Saudra,sbrands7g@cnet.com
Gris,ghubbart7h@blogger.com
Gilberte,gcapell7i@npr.org
Scottie,sketchell7j@businesswire.com
Goldina,gmcclaren7k@constantcontact.com
Corella,cclynmans7l@weibo.com
Britt,bshorten7m@bbb.org
Antoinette,abrisker7n@sphinn.com
Christopher,cdavey7o@istockphoto.com
Jennine,jscotchmore7p@imdb.com
Pattin,pseer7q@prweb.com
Ulrika,umildenhall7r@friendfeed.com
Ford,fcarlet7s@barnesandnoble.com
Clovis,ccarus7t@slideshare.net
Randolf,rgrise7u@ning.com
Cherise,ccovell7v@wisc.edu
Dana,dvandenhoff7w@accuweather.com
Zonda,zcuerdale7x@tripod.com
Raye,rpillinger7y@arstechnica.com
Avictor,awudeland7z@bloomberg.com
Dione,dcollinson80@lycos.com
Marlane,mchuney81@multiply.com
Fred,fpiecha82@samsung.com
Ike,iwinks83@tuttocitta.it
Jacquelin,jeykelhof84@businessweek.com
Baxter,bfelgate85@unc.edu
Gabbie,ghanks86@comsenz.com
Gunter,gismay87@goodreads.com
Odille,ooiller88@wordpress.org
Yale,yleech89@oracle.com
Anallese,aweatherburn8a@geocities.com
Reinhard,rsolley8b@nymag.com
Terrill,tburgwin8c@dailymotion.com
Caryl,cianizzi8d@sitemeter.com
Syd,svallis8e@businessinsider.com
Adena,astiven8f@army.mil
Ynez,yjacks8g@devhub.com
Kippy,kganny8h@nytimes.com
Josi,jmarson8i@yale.edu
Brianne,bmorten8j@ed.gov
Maury,myashaev8k@nymag.com
Tiffy,tstace8l@earthlink.net
Upton,uvonderdell8m@hp.com
Nance,nreskelly8n@drupal.org
Chucho,cbarkess8o@fema.gov
Michelle,mmowbray8p@istockphoto.com
Marcelle,mpoynor8q@biglobe.ne.jp
Robby,rdingle8r@spiegel.de
Emera,edudson8s@acquirethisname.com
Opaline,obayne8t@lycos.com
Chan,cbrislan8u@jimdo.com
Byram,bglaister8v@nydailynews.com
Pepe,phows8w@bbc.co.uk
Bran,bluis8x@mozilla.org
Dyanne,dpatterfield8y@i2i.jp
Patty,pbentsen8z@twitpic.com
Fairleigh,fnewson90@flickr.com
Bunnie,bliptrod91@virginia.edu
Derrick,dlammerts92@nytimes.com
Garvin,gtomasello93@washingtonpost.com
Jillie,jblooman94@nifty.com
Zebulen,zgloucester95@illinois.edu
Harald,hbrotherwood96@prlog.org
Marja,mdur97@techcrunch.com
Carmelita,channigane98@state.gov
Issy,iharrema99@jimdo.com
Sella,springley9a@whitehouse.gov
Reena,rchaikovski9b@hostgator.com
Rhody,rlonglands9c@printfriendly.com
Thacher,tounsworth9d@wiley.com
Eldin,echinnock9e@ucla.edu
Arabela,asheehy9f@abc.net.au
Talyah,tpraundlin9g@seesaa.net
Casper,cmurty9h@yellowpages.com
Clyde,ctichner9i@goodreads.com
Micheal,mhalmkin9j@hc360.com
Aggie,aglabach9k@cnbc.com
Neill,naspden9l@earthlink.net
Raff,rragles9m@geocities.jp
Amy,ashieldon9n@engadget.com
Aldo,agannan9o@nationalgeographic.com
Merralee,mgrowcock9p@opera.com
Ardath,acallaway9q@cloudflare.com
Zeb,zstarking9r@dell.com
Kilian,kbayldon9s@marketwatch.com
Bab,bhampshaw9t@php.net
Orazio,obeadon9u@tamu.edu
Tomi,tcowell9v@yale.edu
Diarmid,ddawson9w@columbia.edu
Catie,ccovington9x@joomla.org
Maud,mtattoo9y@meetup.com
Olivette,oryland9z@engadget.com
Wyatt,wmcgoona0@narod.ru
Laurene,lproctera1@census.gov
Ardeen,aasharda2@reverbnation.com
Gratiana,gmorlinga3@go.com
Logan,lswafielda4@about.com
Sophronia,smarvala5@ucla.edu
Herculie,hrupperta6@wordpress.org
Jock,jcamousa7@gizmodo.com
Clarabelle,calenicheva8@cnet.com
Yasmin,ytarbina9@paypal.com
Ermengarde,ehulcoopaa@istockphoto.com
Rafaellle,rackermanab@addthis.com
Drucy,dmottleyac@narod.ru
Evan,estuehmeyerad@chicagotribune.com
Saxe,sbesae@prlog.org
Ellswerth,egoldsbroughaf@about.com
Lacie,lfoulksag@cargocollective.com
Geno,gmcgeeverah@livejournal.com
Tommie,tkenefordeai@apache.org
Karly,ktittershillaj@cisco.com
Jordan,janstissak@wisc.edu
Darell,dkallal@ow.ly
Hewitt,hcowperam@springer.com
Rollins,rvonnassauan@blogspot.com
Maison,mbraidao@unc.edu
Merry,mdunmoreap@ftc.gov
Alick,ashillabeeraq@redcross.org
Mechelle,mmacfadyenar@answers.com
Noach,nklempsas@si.edu
Novelia,nattwoolat@comsenz.com
Brantley,bgrimbaldestonau@i2i.jp
Johny,jdictav@twitter.com
Cinnamon,cmaureenaw@cdc.gov
Ardis,ajosowitzax@typepad.com
Maddalena,mdavidovichay@fc2.com
Ania,agrentaz@taobao.com
Kaiser,kcantillionb0@51.la
Vasili,vsollandb1@un.org
Bogey,bmeriotb2@walmart.com
Kellyann,kbennsb3@sohu.com
Alexis,amcrorieb4@addthis.com
Towney,tmarconib5@weather.com
Clem,cpetricb6@blogger.com
Anjela,aalvarezb7@mayoclinic.com
Tadio,trotgeb8@plala.or.jp
Flossi,ftocqueb9@reverbnation.com
Cleo,cpadilloba@quantcast.com
Tine,tengehambb@ameblo.jp
Orelle,ofarrbc@constantcontact.com
Shannan,sswabybd@theguardian.com
Archambault,apiburnbe@dailymail.co.uk
Lizzie,ledmundsonbf@nymag.com
Cello,ceadsbg@unesco.org
Taffy,tescottbh@behance.net
Thor,tbowyerbi@hubpages.com
Max,mmcgorleybj@pagesperso-orange.fr
Adriano,adehoochbk@instagram.com
Binnie,btrainerbl@blogger.com
Maxine,mtobybm@ning.com
Adrianna,ajainebn@telegraph.co.uk
Rochell,rputtergillbo@squarespace.com
Erma,egowrichbp@accuweather.com
Darcie,denticottbq@constantcontact.com
Humfrey,hkightlybr@gnu.org
Dur,dbeinbs@github.io
Linc,lsyrattbt@time.com
Gasparo,gkiffbu@wordpress.org
Nev,neaklebv@liveinternet.ru
Abel,aclaessensbw@purevolume.com
Wilhelmina,wkimblebx@pbs.org
Carmita,ctimberlakeby@admin.ch
Franklyn,fdumphriesbz@bbc.co.uk
Laryssa,ldermottc0@sbwire.com
Alexio,aquinnellc1@arstechnica.com
Rhianon,rjeremaesc2@slideshare.net
Joella,jbucknallc3@hostgator.com
Gerri,gpillingtonc4@irs.gov
Randolph,rbadenc5@thetimes.co.uk
Lemar,lferaghc6@economist.com
Stafani,splyc7@earthlink.net
Delphine,droydenc8@phpbb.com
Cleo,chainsworthc9@nydailynews.com
Enid,espellarca@sourceforge.net
Lolita,ldeetlofcb@usda.gov
Meggy,mhardawaycc@xrea.com
Quintus,qbrosolicd@opensource.org
Judon,jbromfieldce@yellowbook.com
Cassy,cagarcf@unesco.org
Amalee,ahinstridgecg@pen.io
Grove,gverrickch@com.com
Melania,mroughleyci@ucoz.com
Lurleen,lspinetticj@washington.edu
Kimberli,kbauchopck@biblegateway.com
Dionysus,daspenloncl@feedburner.com
Cory,crussencm@abc.net.au
Vikki,vvisickcn@barnesandnoble.com
Janice,jwalesco@wikipedia.org
Tomasine,tmeegancp@sitemeter.com
Phylis,ppaffordcq@ask.com
Gilly,gfreeburncr@mapy.cz
Roselle,rarnaocs@latimes.com
Eddie,eleitchect@clickbank.net
Wadsworth,wloftycu@jimdo.com
Normand,njudsoncv@prweb.com
Dyana,dkarlikcw@squidoo.com
Nolie,nblizardcx@redcross.org
Olag,ofromentcy@moonfruit.com
Tait,tshaylorcz@digg.com
Chaim,cthistletond0@prlog.org
Cristen,cnequestd1@ning.com
Adriano,adillamored2@posterous.com
Petrina,pmacintyred3@fc2.com
Ignaz,imclagaind4@yellowbook.com
Trevar,tkedied5@accuweather.com
Isidor,ibisetd6@foxnews.com
Swen,sstimsond7@pinterest.com
Horten,hlunckd8@japanpost.jp
Rafael,rdosdaled9@google.co.uk
Jefferey,jaskeyda@cdbaby.com
Nadiya,nbiaginidb@telegraph.co.uk
Rebeca,rtattersdc@example.com
Chet,cjelldd@nba.com
Debora,delande@dropbox.com
Aidan,amarisdf@answers.com
Meyer,mburnsydedg@hao123.com
Hulda,hkiledaldh@virginia.edu
Farrah,fkienleindi@time.com
Ollie,ohansberrydj@oaic.gov.au
Kiersten,kelstubdk@com.com
Debee,dwenhamdl@wikispaces.com
Hadria,hnobesdm@vk.com
Rey,rdegiorgiodn@smh.com.au
Jaynell,jtrautdo@yellowbook.com
Konstanze,kruttydp@nasa.gov
Suzann,shailsdq@reddit.com
Nikaniki,ngobeauxdr@businessweek.com
Kelsey,krobunds@icio.us
Constantin,cchallenerdt@twitter.com
Galen,ggarrettdu@taobao.com
Neila,nmcsherrydv@fastcompany.com
